{"noiseKey":{"private":{"type":"Buffer","data":"eAgg6f2Irdowa5C3+YIMoIbXzOhFRAUMG2W3jkKKgFM="},"public":{"type":"Buffer","data":"ac5OPOxzXSzi8up6e+LrSBJQk1c3S1dcZCZiyBDFKEc="}},"pairingEphemeralKeyPair":{"private":{"type":"Buffer","data":"cGfsD95gbjS1KFnD5pjMnHtG3mSso9ra2Rm362kXgm8="},"public":{"type":"Buffer","data":"aYJj9cMQLTRhn6bFzM20LtUubnNrc9EhsRqVBWw+b3I="}},"signedIdentityKey":{"private":{"type":"Buffer","data":"AOGrAqaEOw2y8IuhmFMmGukIpHOx0huCfBlc7LR/V1A="},"public":{"type":"Buffer","data":"usDTPFeUF3Z8tReG+t53tEW8W8sEEFxjSTx0qCf071Q="}},"signedPreKey":{"keyPair":{"private":{"type":"Buffer","data":"mEgPT92UWl3VYVGGIlI8ox22hkPZiXkChGYY6b+Zu3I="},"public":{"type":"Buffer","data":"sBmcQan8X4+6xTzYQn178bOXciXVNv/11wKD3cI/ZGI="}},"signature":{"type":"Buffer","data":"bv/BVV22DuoUd7OqO9EpFTdCV49FvjUHcggDMg4MRjB5XKck22bgupiKspPmZ6MJgMdeGu7MX+pvGqNBOrUbDw=="},"keyId":1},"registrationId":224,"advSecretKey":"4qSYRA4+ZypMKzs7MqkFwdltXK1LS8haatXm429ZuGI=","processedHistoryMessages":[{"key":{"remoteJid":"94726884134@s.whatsapp.net","fromMe":true,"id":"4F3DDD5D3403687704301EE218E87B46"},"messageTimestamp":1734178060}],"nextPreKeyId":31,"firstUnuploadedPreKeyId":31,"accountSyncCounter":0,"accountSettings":{"unarchiveChats":false},"deviceId":"2dO8iD1pQuum5riVzXe5BQ","phoneId":"bc952686-622e-45a8-b5d8-085dea625c31","identityId":{"type":"Buffer","data":"hwuHcBx8GqKwxRdZqOH7dyq7OUE="},"registered":true,"backupToken":{"type":"Buffer","data":"r4YX47EqATOW9fL5QB6t/v/zW0g="},"registration":{},"pairingCode":"7DADVQQK","me":{"id":"94726884134:20@s.whatsapp.net","lid":"220727580086353:20@lid"},"account":{"details":"COLj4JkFEPnp9boGGAMgACgA","accountSignatureKey":"OIoHrgvfGi9VddpZQdFHqvRB8v601V0MKwWKVXubXTA=","accountSignature":"GtpSuKN3N/Pz8GtigdbWN4EEvVd955yxXgM/K8jQ9Xlr4nSA6qrKSmTf3XFD7NwynS7KuhNRnc9rsQPmm/LgBg==","deviceSignature":"tS5nPql/64zEReDMn5go6LkPMwxBPDRTzZwPNOM3g1/lhiYpXcWq4MM0bUPhOV7HKI1vGp1ls1wa9CoShfdcCQ=="},"signalIdentities":[{"identifier":{"name":"94726884134:20@s.whatsapp.net","deviceId":0},"identifierKey":{"type":"Buffer","data":"BTiKB64L3xovVXXaWUHRR6r0QfL+tNVdDCsFilV7m10w"}}],"platform":"android","lastAccountSyncTimestamp":1734178054,"myAppStateKeyId":"AAAAANCw"}
